<?xml version="1.0" encoding="utf-8" standalone="no"?>
<problem revision="8" short-name="sweepline-bsearch" url="https://polygon.codeforces.com/p2o8NbL/Jooo/sweepline-bsearch">
    <judging cpu-name="Intel(R) Core(TM) i3-8100 CPU @ 3.60GHz" cpu-speed="3600" input-file="" output-file="" run-count="1">
        <testset name="sub2">
            <time-limit>1000</time-limit>
            <memory-limit>268435456</memory-limit>
            <test-count>8</test-count>
            <input-path-pattern>sub2/%02d</input-path-pattern>
            <answer-path-pattern>sub2/%02d.a</answer-path-pattern>
            <tests>
                <test cmd="gen2 100000 100000 10000 3f4a135f39d2245fb734310f4ba9ca51" method="generated" points="0.0"/>
                <test cmd="gen2 100000 100000 10000 21b8375d702e9352960b42e3980d90ad" method="generated" points="0.0"/>
                <test cmd="gen2 100000 100000 10000 cb2b04e02dba13004175445a9a753447" method="generated" points="0.0"/>
                <test cmd="gen2 100000 100000 10000 3646ebd0badc8a28f0481cb9430b3237" method="generated" points="0.0"/>
                <test cmd="gen2 100000 100000 10000 7lwmqsI2Er" method="generated" points="0.0"/>
                <test cmd="gen2 100000 100000 10000 YbhPK3ufQW" method="generated" points="0.0"/>
                <test cmd="gen2 100000 100000 10000 RrsAfzVtek" method="generated" points="0.0"/>
                <test cmd="gen2 100000 100000 10000 48XyiMrAT7" method="generated" points="0.0"/>
            </tests>
        </testset>
        <testset name="sub1">
            <time-limit>1000</time-limit>
            <memory-limit>268435456</memory-limit>
            <test-count>8</test-count>
            <input-path-pattern>sub1/%02d</input-path-pattern>
            <answer-path-pattern>sub1/%02d.a</answer-path-pattern>
            <tests>
                <test description="File &quot;1.in&quot;" method="manual" points="0.0"/>
                <test description="File &quot;2.in&quot;" method="manual" points="0.0"/>
                <test description="File &quot;3.in&quot;" method="manual" points="0.0"/>
                <test description="File &quot;4.in&quot;" method="manual" points="0.0"/>
                <test description="File &quot;5.in&quot;" method="manual" points="0.0"/>
                <test description="File &quot;6.in&quot;" method="manual" points="0.0"/>
                <test cmd="gen1 1000 1000 10000 gBMb2xl2tA" method="generated" points="0.0"/>
                <test cmd="gen1 1000 1000 10000 R5jkqFZ1e9" method="generated" points="0.0"/>
            </tests>
        </testset>
        <testset name="sub3">
            <time-limit>1000</time-limit>
            <memory-limit>268435456</memory-limit>
            <test-count>10</test-count>
            <input-path-pattern>sub3/%02d</input-path-pattern>
            <answer-path-pattern>sub3/%02d.a</answer-path-pattern>
            <tests>
                <test description="File &quot;1.in&quot;" method="manual" points="0.0"/>
                <test description="File &quot;2.in&quot;" method="manual" points="0.0"/>
                <test description="File &quot;3.in&quot;" method="manual" points="0.0"/>
                <test description="File &quot;4.in&quot;" method="manual" points="0.0"/>
                <test description="File &quot;5.in&quot;" method="manual" points="0.0"/>
                <test description="File &quot;6.in&quot;" method="manual" points="0.0"/>
                <test description="File &quot;7.in&quot;" method="manual" points="0.0"/>
                <test description="File &quot;8.in&quot;" method="manual" points="0.0"/>
                <test description="File &quot;9.in&quot;" method="manual" points="0.0"/>
                <test description="File &quot;10.in&quot;" method="manual" points="0.0"/>
            </tests>
        </testset>
        <testset name="tests">
            <time-limit>1000</time-limit>
            <memory-limit>268435456</memory-limit>
            <test-count>0</test-count>
            <input-path-pattern>tests/%02d</input-path-pattern>
            <answer-path-pattern>tests/%02d.a</answer-path-pattern>
            <tests/>
        </testset>
    </judging>
    <files>
        <resources>
            <file path="files/olymp.sty"/>
            <file path="files/problem.tex"/>
            <file path="files/statements.ftl"/>
            <file path="files/testlib.h" type="h.g++"/>
        </resources>
        <executables>
            <executable>
                <source path="files/gen1.cpp" type="cpp.g++17"/>
                <binary path="files/gen1.exe" type="exe.win32"/>
            </executable>
            <executable>
                <source path="files/gen2.cpp" type="cpp.g++17"/>
                <binary path="files/gen2.exe" type="exe.win32"/>
            </executable>
            <executable>
                <source path="files/gen3.cpp" type="cpp.g++17"/>
                <binary path="files/gen3.exe" type="exe.win32"/>
            </executable>
            <executable>
                <source path="files/valid.cpp" type="cpp.g++17"/>
                <binary path="files/valid.exe" type="exe.win32"/>
            </executable>
        </executables>
    </files>
    <assets>
        <checker name="std::wcmp.cpp" type="testlib">
            <source path="files/check.cpp" type="cpp.g++17"/>
            <binary path="check.exe" type="exe.win32"/>
            <copy path="check.cpp"/>
            <testset>
                <test-count>0</test-count>
                <input-path-pattern>files/tests/checker-tests/%02d</input-path-pattern>
                <output-path-pattern>files/tests/checker-tests/%02d.o</output-path-pattern>
                <answer-path-pattern>files/tests/checker-tests/%02d.a</answer-path-pattern>
                <tests/>
            </testset>
        </checker>
        <validators>
            <validator>
                <source path="files/valid.cpp" type="cpp.g++17"/>
                <binary path="files/valid.exe" type="exe.win32"/>
                <testset>
                    <test-count>2</test-count>
                    <input-path-pattern>files/tests/validator-tests/%02d</input-path-pattern>
                    <tests>
                        <test verdict="valid"/>
                        <test verdict="invalid"/>
                    </tests>
                </testset>
            </validator>
        </validators>
        <solutions>
            <solution tag="main">
                <source path="solutions/ModelSol_neo.cpp" type="cpp.g++17"/>
                <binary path="solutions/ModelSol_neo.exe" type="exe.win32"/>
                <extra-tags>
                    <extra-tag tag="accepted" testset="sub3"/>
                    <extra-tag tag="accepted" testset="sub1"/>
                    <extra-tag tag="accepted" testset="sub2"/>
                </extra-tags>
            </solution>
            <solution tag="time-limit-exceeded-or-accepted">
                <source path="solutions/sub1.cpp" type="cpp.g++17"/>
                <binary path="solutions/sub1.exe" type="exe.win32"/>
                <extra-tags>
                    <extra-tag tag="time-limit-exceeded" testset="sub2"/>
                    <extra-tag tag="accepted" testset="sub1"/>
                    <extra-tag tag="time-limit-exceeded" testset="sub3"/>
                </extra-tags>
            </solution>
            <solution tag="wrong-answer">
                <source path="solutions/sub2.cpp" type="cpp.g++17"/>
                <binary path="solutions/sub2.exe" type="exe.win32"/>
                <extra-tags>
                    <extra-tag tag="accepted" testset="sub2"/>
                    <extra-tag tag="rejected" testset="sub1"/>
                    <extra-tag tag="rejected" testset="sub3"/>
                </extra-tags>
            </solution>
        </solutions>
    </assets>
    <properties>
        <property name="tests-wellformed" value="true"/>
    </properties>
    <stresses>
        <stress-count>3</stress-count>
        <stress-path-pattern>stresses/%03d</stress-path-pattern>
        <list>
            <stress index="3" path="stresses/003"/>
            <stress index="2" path="stresses/002"/>
            <stress index="1" path="stresses/001"/>
        </list>
    </stresses>
</problem>
