{"scoring":null,"notes":"","legend":"\\large{และวันนี้ก็มาถึง วันที่โจ้เจนเทสเคสเป็น ซึ่งนั่นหมายความว่าโจ้สามารถออกโจทย์เองได้แล้ว ว้าวๆๆๆๆๆๆๆๆๆ ซึ่งโจทย์ข้อนี้เป็นโจทย์ข้อแรกของโจ้ คุณซึ่่งต้องการตอบแทนน้ำใจที่โจ้จึงเลือกที่จะทำโจทย์ข้อนี้เพื่อตอบแทนเขา}\r\n\r\n\\large{\\bf{งานของคุณ} จงหาค่าผลรวมของเลขในตำแหน่งคู่ และตำแหน่งคี่ \\bf{โดยข้อมูลนำเข้าตัวแรกนับเป็นตำแหน่งที่ $1$} และข้อมูลนำเข้าจะสิ้นสุดเมื่อรับเลข $0$ และไม่ต้องประมวลค่าเลข $0$}","authorLogin":"Jooo","language":"english","timeLimit":1000,"output":"\\large{มีบรรทัดเดียว ประกอบด้วยจำนวนเต็ม $2$ จำนวน คือ ผลรวมในตำแหน่งคู่ และผลรวมในตำแหน่งคี่ ตามลำดับ}","inputFile":"stdin","outputFile":"stdout","input":"\\large{มี $N$ ($1 \\le N \\le 10,000$) บรรทัด แต่ละบรรทัดประกอบด้วยจำนวนเต็ม 1 จำนวน คือ $x_i$ $(-100 \\le x_i \\le 100, \\ x_i \\neq 0,\\ 1 \\le i \\le n)$ และรับประกันว่า $x_n = 0$ เสมอ}\r\n","authorName":"Vijak Khajornritdacha","sampleTests":[{"output":"-47 -70\r\n","input":"-70\r\n-47\r\n0\r\n","inputFile":"example.01","outputFile":"example.01.a"},{"output":"-4 -44\r\n","input":"-48\r\n-73\r\n4\r\n69\r\n0\r\n","inputFile":"example.02","outputFile":"example.02.a"}],"name":"Sum Of Odd and Even","interaction":null,"memoryLimit":67108864,"tutorial":""}